[
  {
    "title": "",
    "media_list_data": [
      
    ],
    "string_list_data": [
      {
        "href": "https://www.instagram.com/sitialiyahh1408",
        "value": "sitialiyahh1408",
        "timestamp": 1740811904
      }
    ]
  },
  {
    "title": "",
    "media_list_data": [
      
    ],
    "string_list_data": [
      {
        "href": "https://www.instagram.com/jumaidilalfjrl",
        "value": "jumaidilalfjrl",
        "timestamp": 1740661169
      }
    ]
  },
  {
    "title": "",
    "media_list_data": [
      
    ],
    "string_list_data": [
      {
        "href": "https://www.instagram.com/dew_lj",
        "value": "dew_lj",
        "timestamp": 1739636895
      }
    ]
  },
  {
    "title": "",
    "media_list_data": [
      
    ],
    "string_list_data": [
      {
        "href": "https://www.instagram.com/rnasyh",
        "value": "rnasyh",
        "timestamp": 1739623743
      }
    ]
  },
  {
    "title": "",
    "media_list_data": [
      
    ],
    "string_list_data": [
      {
        "href": "https://www.instagram.com/wanitha_rocknroll",
        "value": "wanitha_rocknroll",
        "timestamp": 1739432501
      }
    ]
  },
  {
    "title": "",
    "media_list_data": [
      
    ],
    "string_list_data": [
      {
        "href": "https://www.instagram.com/_eithereality",
        "value": "_eithereality",
        "timestamp": 1739214051
      }
    ]
  },
  {
    "title": "",
    "media_list_data": [
      
    ],
    "string_list_data": [
      {
        "href": "https://www.instagram.com/rumahitindonesia",
        "value": "rumahitindonesia",
        "timestamp": 1738652112
      }
    ]
  },
  {
    "title": "",
    "media_list_data": [
      
    ],
    "string_list_data": [
      {
        "href": "https://www.instagram.com/ahadinatax",
        "value": "ahadinatax",
        "timestamp": 1738506537
      }
    ]
  },
  {
    "title": "",
    "media_list_data": [
      
    ],
    "string_list_data": [
      {
        "href": "https://www.instagram.com/nayyazahwapriatna",
        "value": "nayyazahwapriatna",
        "timestamp": 1737804869
      }
    ]
  },
  {
    "title": "",
    "media_list_data": [
      
    ],
    "string_list_data": [
      {
        "href": "https://www.instagram.com/tewel1978",
        "value": "tewel1978",
        "timestamp": 1737370206
      }
    ]
  },
  {
    "title": "",
    "media_list_data": [
      
    ],
    "string_list_data": [
      {
        "href": "https://www.instagram.com/your_lia4",
        "value": "your_lia4",
        "timestamp": 1737350001
      }
    ]
  },
  {
    "title": "",
    "media_list_data": [
      
    ],
    "string_list_data": [
      {
        "href": "https://www.instagram.com/dayatg76",
        "value": "dayatg76",
        "timestamp": 1737078389
      }
    ]
  },
  {
    "title": "",
    "media_list_data": [
      
    ],
    "string_list_data": [
      {
        "href": "https://www.instagram.com/tenmalich",
        "value": "tenmalich",
        "timestamp": 1737003499
      }
    ]
  },
  {
    "title": "",
    "media_list_data": [
      
    ],
    "string_list_data": [
      {
        "href": "https://www.instagram.com/seccanjainiiiiii",
        "value": "seccanjainiiiiii",
        "timestamp": 1736323850
      }
    ]
  },
  {
    "title": "",
    "media_list_data": [
      
    ],
    "string_list_data": [
      {
        "href": "https://www.instagram.com/yovantkovysch",
        "value": "yovantkovysch",
        "timestamp": 1735738245
      }
    ]
  },
  {
    "title": "",
    "media_list_data": [
      
    ],
    "string_list_data": [
      {
        "href": "https://www.instagram.com/zeb_0g",
        "value": "zeb_0g",
        "timestamp": 1735468445
      }
    ]
  },
  {
    "title": "",
    "media_list_data": [
      
    ],
    "string_list_data": [
      {
        "href": "https://www.instagram.com/vitaasaryy8",
        "value": "vitaasaryy8",
        "timestamp": 1734004851
      }
    ]
  },
  {
    "title": "",
    "media_list_data": [
      
    ],
    "string_list_data": [
      {
        "href": "https://www.instagram.com/zeborisinil",
        "value": "zeborisinil",
        "timestamp": 1733065304
      }
    ]
  },
  {
    "title": "",
    "media_list_data": [
      
    ],
    "string_list_data": [
      {
        "href": "https://www.instagram.com/classiccomedyorg",
        "value": "classiccomedyorg",
        "timestamp": 1730186222
      }
    ]
  },
  {
    "title": "",
    "media_list_data": [
      
    ],
    "string_list_data": [
      {
        "href": "https://www.instagram.com/fath.irmulya",
        "value": "fath.irmulya",
        "timestamp": 1729613743
      }
    ]
  },
  {
    "title": "",
    "media_list_data": [
      
    ],
    "string_list_data": [
      {
        "href": "https://www.instagram.com/adrianhamzah13",
        "value": "adrianhamzah13",
        "timestamp": 1728995175
      }
    ]
  },
  {
    "title": "",
    "media_list_data": [
      
    ],
    "string_list_data": [
      {
        "href": "https://www.instagram.com/akba.rr389",
        "value": "akba.rr389",
        "timestamp": 1728125895
      }
    ]
  },
  {
    "title": "",
    "media_list_data": [
      
    ],
    "string_list_data": [
      {
        "href": "https://www.instagram.com/ryanhandhika712",
        "value": "ryanhandhika712",
        "timestamp": 1727791078
      }
    ]
  },
  {
    "title": "",
    "media_list_data": [
      
    ],
    "string_list_data": [
      {
        "href": "https://www.instagram.com/alisaalisa372",
        "value": "alisaalisa372",
        "timestamp": 1727363143
      }
    ]
  },
  {
    "title": "",
    "media_list_data": [
      
    ],
    "string_list_data": [
      {
        "href": "https://www.instagram.com/jawson_nails",
        "value": "jawson_nails",
        "timestamp": 1727041677
      }
    ]
  },
  {
    "title": "",
    "media_list_data": [
      
    ],
    "string_list_data": [
      {
        "href": "https://www.instagram.com/msalehsolahudin",
        "value": "msalehsolahudin",
        "timestamp": 1725890669
      }
    ]
  },
  {
    "title": "",
    "media_list_data": [
      
    ],
    "string_list_data": [
      {
        "href": "https://www.instagram.com/theara.devv",
        "value": "theara.devv",
        "timestamp": 1725889267
      }
    ]
  },
  {
    "title": "",
    "media_list_data": [
      
    ],
    "string_list_data": [
      {
        "href": "https://www.instagram.com/mayshapr_",
        "value": "mayshapr_",
        "timestamp": 1725291380
      }
    ]
  },
  {
    "title": "",
    "media_list_data": [
      
    ],
    "string_list_data": [
      {
        "href": "https://www.instagram.com/morgaplace",
        "value": "morgaplace",
        "timestamp": 1725271894
      }
    ]
  },
  {
    "title": "",
    "media_list_data": [
      
    ],
    "string_list_data": [
      {
        "href": "https://www.instagram.com/akuzfar",
        "value": "akuzfar",
        "timestamp": 1724974283
      }
    ]
  },
  {
    "title": "",
    "media_list_data": [
      
    ],
    "string_list_data": [
      {
        "href": "https://www.instagram.com/fbbyana_",
        "value": "fbbyana_",
        "timestamp": 1724965409
      }
    ]
  },
  {
    "title": "",
    "media_list_data": [
      
    ],
    "string_list_data": [
      {
        "href": "https://www.instagram.com/orreocat",
        "value": "orreocat",
        "timestamp": 1724945230
      }
    ]
  },
  {
    "title": "",
    "media_list_data": [
      
    ],
    "string_list_data": [
      {
        "href": "https://www.instagram.com/diminskov610",
        "value": "diminskov610",
        "timestamp": 1724762134
      }
    ]
  },
  {
    "title": "",
    "media_list_data": [
      
    ],
    "string_list_data": [
      {
        "href": "https://www.instagram.com/dnstwnn06",
        "value": "dnstwnn06",
        "timestamp": 1724511103
      }
    ]
  },
  {
    "title": "",
    "media_list_data": [
      
    ],
    "string_list_data": [
      {
        "href": "https://www.instagram.com/hadinatax",
        "value": "hadinatax",
        "timestamp": 1724429517
      }
    ]
  },
  {
    "title": "",
    "media_list_data": [
      
    ],
    "string_list_data": [
      {
        "href": "https://www.instagram.com/salsunoo",
        "value": "salsunoo",
        "timestamp": 1724418042
      }
    ]
  },
  {
    "title": "",
    "media_list_data": [
      
    ],
    "string_list_data": [
      {
        "href": "https://www.instagram.com/vlynzq",
        "value": "vlynzq",
        "timestamp": 1724361435
      }
    ]
  },
  {
    "title": "",
    "media_list_data": [
      
    ],
    "string_list_data": [
      {
        "href": "https://www.instagram.com/nglfthn",
        "value": "nglfthn",
        "timestamp": 1724280210
      }
    ]
  },
  {
    "title": "",
    "media_list_data": [
      
    ],
    "string_list_data": [
      {
        "href": "https://www.instagram.com/_mrananda",
        "value": "_mrananda",
        "timestamp": 1724129364
      }
    ]
  },
  {
    "title": "",
    "media_list_data": [
      
    ],
    "string_list_data": [
      {
        "href": "https://www.instagram.com/codewithmey",
        "value": "codewithmey",
        "timestamp": 1724044206
      }
    ]
  },
  {
    "title": "",
    "media_list_data": [
      
    ],
    "string_list_data": [
      {
        "href": "https://www.instagram.com/crysll_",
        "value": "crysll_",
        "timestamp": 1724037289
      }
    ]
  },
  {
    "title": "",
    "media_list_data": [
      
    ],
    "string_list_data": [
      {
        "href": "https://www.instagram.com/rearohaeni",
        "value": "rearohaeni",
        "timestamp": 1722952858
      }
    ]
  },
  {
    "title": "",
    "media_list_data": [
      
    ],
    "string_list_data": [
      {
        "href": "https://www.instagram.com/fachri.rmdhn15",
        "value": "fachri.rmdhn15",
        "timestamp": 1722824909
      }
    ]
  },
  {
    "title": "",
    "media_list_data": [
      
    ],
    "string_list_data": [
      {
        "href": "https://www.instagram.com/jokitugas.bdg.co",
        "value": "jokitugas.bdg.co",
        "timestamp": 1722752388
      }
    ]
  },
  {
    "title": "",
    "media_list_data": [
      
    ],
    "string_list_data": [
      {
        "href": "https://www.instagram.com/ricchaa_",
        "value": "ricchaa_",
        "timestamp": 1722266142
      }
    ]
  },
  {
    "title": "",
    "media_list_data": [
      
    ],
    "string_list_data": [
      {
        "href": "https://www.instagram.com/eka_mlyni",
        "value": "eka_mlyni",
        "timestamp": 1721721256
      }
    ]
  },
  {
    "title": "",
    "media_list_data": [
      
    ],
    "string_list_data": [
      {
        "href": "https://www.instagram.com/__zfeed._",
        "value": "__zfeed._",
        "timestamp": 1720983177
      }
    ]
  },
  {
    "title": "",
    "media_list_data": [
      
    ],
    "string_list_data": [
      {
        "href": "https://www.instagram.com/raelr1ne",
        "value": "raelr1ne",
        "timestamp": 1719752185
      }
    ]
  },
  {
    "title": "",
    "media_list_data": [
      
    ],
    "string_list_data": [
      {
        "href": "https://www.instagram.com/ddwiinovv_",
        "value": "ddwiinovv_",
        "timestamp": 1719569842
      }
    ]
  },
  {
    "title": "",
    "media_list_data": [
      
    ],
    "string_list_data": [
      {
        "href": "https://www.instagram.com/mozz316_",
        "value": "mozz316_",
        "timestamp": 1719552178
      }
    ]
  },
  {
    "title": "",
    "media_list_data": [
      
    ],
    "string_list_data": [
      {
        "href": "https://www.instagram.com/erdiee21",
        "value": "erdiee21",
        "timestamp": 1718784098
      }
    ]
  },
  {
    "title": "",
    "media_list_data": [
      
    ],
    "string_list_data": [
      {
        "href": "https://www.instagram.com/syifacv",
        "value": "syifacv",
        "timestamp": 1718775872
      }
    ]
  },
  {
    "title": "",
    "media_list_data": [
      
    ],
    "string_list_data": [
      {
        "href": "https://www.instagram.com/smkmuturpl",
        "value": "smkmuturpl",
        "timestamp": 1718756448
      }
    ]
  },
  {
    "title": "",
    "media_list_data": [
      
    ],
    "string_list_data": [
      {
        "href": "https://www.instagram.com/nuhaecee",
        "value": "nuhaecee",
        "timestamp": 1718630619
      }
    ]
  },
  {
    "title": "",
    "media_list_data": [
      
    ],
    "string_list_data": [
      {
        "href": "https://www.instagram.com/fathiayyas_",
        "value": "fathiayyas_",
        "timestamp": 1718623603
      }
    ]
  },
  {
    "title": "",
    "media_list_data": [
      
    ],
    "string_list_data": [
      {
        "href": "https://www.instagram.com/mychasn_",
        "value": "mychasn_",
        "timestamp": 1717714435
      }
    ]
  },
  {
    "title": "",
    "media_list_data": [
      
    ],
    "string_list_data": [
      {
        "href": "https://www.instagram.com/jaidi.code",
        "value": "jaidi.code",
        "timestamp": 1717589470
      }
    ]
  },
  {
    "title": "",
    "media_list_data": [
      
    ],
    "string_list_data": [
      {
        "href": "https://www.instagram.com/rezenasakky",
        "value": "rezenasakky",
        "timestamp": 1717500610
      }
    ]
  },
  {
    "title": "",
    "media_list_data": [
      
    ],
    "string_list_data": [
      {
        "href": "https://www.instagram.com/rynalll.1",
        "value": "rynalll.1",
        "timestamp": 1716434482
      }
    ]
  },
  {
    "title": "",
    "media_list_data": [
      
    ],
    "string_list_data": [
      {
        "href": "https://www.instagram.com/aulyabby_",
        "value": "aulyabby_",
        "timestamp": 1716212128
      }
    ]
  },
  {
    "title": "",
    "media_list_data": [
      
    ],
    "string_list_data": [
      {
        "href": "https://www.instagram.com/gsphyrogyra",
        "value": "gsphyrogyra",
        "timestamp": 1716212116
      }
    ]
  },
  {
    "title": "",
    "media_list_data": [
      
    ],
    "string_list_data": [
      {
        "href": "https://www.instagram.com/awlbby__",
        "value": "awlbby__",
        "timestamp": 1716212102
      }
    ]
  },
  {
    "title": "",
    "media_list_data": [
      
    ],
    "string_list_data": [
      {
        "href": "https://www.instagram.com/hasban_fardani",
        "value": "hasban_fardani",
        "timestamp": 1715775896
      }
    ]
  },
  {
    "title": "",
    "media_list_data": [
      
    ],
    "string_list_data": [
      {
        "href": "https://www.instagram.com/wildanferdy_",
        "value": "wildanferdy_",
        "timestamp": 1715775851
      }
    ]
  },
  {
    "title": "",
    "media_list_data": [
      
    ],
    "string_list_data": [
      {
        "href": "https://www.instagram.com/midoistory",
        "value": "midoistory",
        "timestamp": 1714655457
      }
    ]
  },
  {
    "title": "",
    "media_list_data": [
      
    ],
    "string_list_data": [
      {
        "href": "https://www.instagram.com/shsh_kiraaa",
        "value": "shsh_kiraaa",
        "timestamp": 1714139096
      }
    ]
  },
  {
    "title": "",
    "media_list_data": [
      
    ],
    "string_list_data": [
      {
        "href": "https://www.instagram.com/nvxxe_",
        "value": "nvxxe_",
        "timestamp": 1714134439
      }
    ]
  },
  {
    "title": "",
    "media_list_data": [
      
    ],
    "string_list_data": [
      {
        "href": "https://www.instagram.com/hk416j",
        "value": "hk416j",
        "timestamp": 1714113747
      }
    ]
  },
  {
    "title": "",
    "media_list_data": [
      
    ],
    "string_list_data": [
      {
        "href": "https://www.instagram.com/seiyaacl",
        "value": "seiyaacl",
        "timestamp": 1714107753
      }
    ]
  },
  {
    "title": "",
    "media_list_data": [
      
    ],
    "string_list_data": [
      {
        "href": "https://www.instagram.com/rizkypratama8780",
        "value": "rizkypratama8780",
        "timestamp": 1714091310
      }
    ]
  },
  {
    "title": "",
    "media_list_data": [
      
    ],
    "string_list_data": [
      {
        "href": "https://www.instagram.com/aoelrac",
        "value": "aoelrac",
        "timestamp": 1714087499
      }
    ]
  },
  {
    "title": "",
    "media_list_data": [
      
    ],
    "string_list_data": [
      {
        "href": "https://www.instagram.com/bang_oleh20",
        "value": "bang_oleh20",
        "timestamp": 1714085953
      }
    ]
  },
  {
    "title": "",
    "media_list_data": [
      
    ],
    "string_list_data": [
      {
        "href": "https://www.instagram.com/lennn27_",
        "value": "lennn27_",
        "timestamp": 1714064986
      }
    ]
  },
  {
    "title": "",
    "media_list_data": [
      
    ],
    "string_list_data": [
      {
        "href": "https://www.instagram.com/m_banurafi",
        "value": "m_banurafi",
        "timestamp": 1714061470
      }
    ]
  },
  {
    "title": "",
    "media_list_data": [
      
    ],
    "string_list_data": [
      {
        "href": "https://www.instagram.com/246maulll",
        "value": "246maulll",
        "timestamp": 1714061332
      }
    ]
  },
  {
    "title": "",
    "media_list_data": [
      
    ],
    "string_list_data": [
      {
        "href": "https://www.instagram.com/devvnnull",
        "value": "devvnnull",
        "timestamp": 1713094837
      }
    ]
  },
  {
    "title": "",
    "media_list_data": [
      
    ],
    "string_list_data": [
      {
        "href": "https://www.instagram.com/__lala307x",
        "value": "__lala307x",
        "timestamp": 1712944022
      }
    ]
  },
  {
    "title": "",
    "media_list_data": [
      
    ],
    "string_list_data": [
      {
        "href": "https://www.instagram.com/agnia2792",
        "value": "agnia2792",
        "timestamp": 1712944016
      }
    ]
  },
  {
    "title": "",
    "media_list_data": [
      
    ],
    "string_list_data": [
      {
        "href": "https://www.instagram.com/sskumari0000",
        "value": "sskumari0000",
        "timestamp": 1712944003
      }
    ]
  },
  {
    "title": "",
    "media_list_data": [
      
    ],
    "string_list_data": [
      {
        "href": "https://www.instagram.com/manuel_reper",
        "value": "manuel_reper",
        "timestamp": 1712943995
      }
    ]
  },
  {
    "title": "",
    "media_list_data": [
      
    ],
    "string_list_data": [
      {
        "href": "https://www.instagram.com/septirmdnii",
        "value": "septirmdnii",
        "timestamp": 1712888758
      }
    ]
  },
  {
    "title": "",
    "media_list_data": [
      
    ],
    "string_list_data": [
      {
        "href": "https://www.instagram.com/eclaireamour",
        "value": "eclaireamour",
        "timestamp": 1705226101
      }
    ]
  },
  {
    "title": "",
    "media_list_data": [
      
    ],
    "string_list_data": [
      {
        "href": "https://www.instagram.com/najmishauky_",
        "value": "najmishauky_",
        "timestamp": 1702875649
      }
    ]
  },
  {
    "title": "",
    "media_list_data": [
      
    ],
    "string_list_data": [
      {
        "href": "https://www.instagram.com/adrianmaaulna",
        "value": "adrianmaaulna",
        "timestamp": 1702828988
      }
    ]
  },
  {
    "title": "",
    "media_list_data": [
      
    ],
    "string_list_data": [
      {
        "href": "https://www.instagram.com/10969azall_",
        "value": "10969azall_",
        "timestamp": 1701878348
      }
    ]
  },
  {
    "title": "",
    "media_list_data": [
      
    ],
    "string_list_data": [
      {
        "href": "https://www.instagram.com/satriadiwangkara",
        "value": "satriadiwangkara",
        "timestamp": 1700659805
      }
    ]
  },
  {
    "title": "",
    "media_list_data": [
      
    ],
    "string_list_data": [
      {
        "href": "https://www.instagram.com/aiambatmaann",
        "value": "aiambatmaann",
        "timestamp": 1700014146
      }
    ]
  },
  {
    "title": "",
    "media_list_data": [
      
    ],
    "string_list_data": [
      {
        "href": "https://www.instagram.com/fauzaro01",
        "value": "fauzaro01",
        "timestamp": 1699540286
      }
    ]
  },
  {
    "title": "",
    "media_list_data": [
      
    ],
    "string_list_data": [
      {
        "href": "https://www.instagram.com/algarisinn",
        "value": "algarisinn",
        "timestamp": 1699514863
      }
    ]
  },
  {
    "title": "",
    "media_list_data": [
      
    ],
    "string_list_data": [
      {
        "href": "https://www.instagram.com/fal_k15",
        "value": "fal_k15",
        "timestamp": 1699508553
      }
    ]
  },
  {
    "title": "",
    "media_list_data": [
      
    ],
    "string_list_data": [
      {
        "href": "https://www.instagram.com/mdz_26",
        "value": "mdz_26",
        "timestamp": 1699506752
      }
    ]
  },
  {
    "title": "",
    "media_list_data": [
      
    ],
    "string_list_data": [
      {
        "href": "https://www.instagram.com/eskulkul_mrnfc",
        "value": "eskulkul_mrnfc",
        "timestamp": 1699185483
      }
    ]
  },
  {
    "title": "",
    "media_list_data": [
      
    ],
    "string_list_data": [
      {
        "href": "https://www.instagram.com/zcky754_",
        "value": "zcky754_",
        "timestamp": 1698366494
      }
    ]
  },
  {
    "title": "",
    "media_list_data": [
      
    ],
    "string_list_data": [
      {
        "href": "https://www.instagram.com/kylnrmaaz_",
        "value": "kylnrmaaz_",
        "timestamp": 1695714830
      }
    ]
  },
  {
    "title": "",
    "media_list_data": [
      
    ],
    "string_list_data": [
      {
        "href": "https://www.instagram.com/keidjaruaxiro",
        "value": "keidjaruaxiro",
        "timestamp": 1694431024
      }
    ]
  },
  {
    "title": "",
    "media_list_data": [
      
    ],
    "string_list_data": [
      {
        "href": "https://www.instagram.com/4gnazr",
        "value": "4gnazr",
        "timestamp": 1694260008
      }
    ]
  },
  {
    "title": "",
    "media_list_data": [
      
    ],
    "string_list_data": [
      {
        "href": "https://www.instagram.com/ikyy_06_",
        "value": "ikyy_06_",
        "timestamp": 1692593667
      }
    ]
  },
  {
    "title": "",
    "media_list_data": [
      
    ],
    "string_list_data": [
      {
        "href": "https://www.instagram.com/nurull365___",
        "value": "nurull365___",
        "timestamp": 1692279370
      }
    ]
  },
  {
    "title": "",
    "media_list_data": [
      
    ],
    "string_list_data": [
      {
        "href": "https://www.instagram.com/zopsat.1",
        "value": "zopsat.1",
        "timestamp": 1691998189
      }
    ]
  },
  {
    "title": "",
    "media_list_data": [
      
    ],
    "string_list_data": [
      {
        "href": "https://www.instagram.com/virliimuhmmd_",
        "value": "virliimuhmmd_",
        "timestamp": 1691843663
      }
    ]
  },
  {
    "title": "",
    "media_list_data": [
      
    ],
    "string_list_data": [
      {
        "href": "https://www.instagram.com/flywyouuu",
        "value": "flywyouuu",
        "timestamp": 1690975022
      }
    ]
  },
  {
    "title": "",
    "media_list_data": [
      
    ],
    "string_list_data": [
      {
        "href": "https://www.instagram.com/_abcdewia",
        "value": "_abcdewia",
        "timestamp": 1690035786
      }
    ]
  },
  {
    "title": "",
    "media_list_data": [
      
    ],
    "string_list_data": [
      {
        "href": "https://www.instagram.com/ecmutu",
        "value": "ecmutu",
        "timestamp": 1689938894
      }
    ]
  },
  {
    "title": "",
    "media_list_data": [
      
    ],
    "string_list_data": [
      {
        "href": "https://www.instagram.com/farhanramdhan15",
        "value": "farhanramdhan15",
        "timestamp": 1689588073
      }
    ]
  },
  {
    "title": "",
    "media_list_data": [
      
    ],
    "string_list_data": [
      {
        "href": "https://www.instagram.com/whssslvvvvv",
        "value": "whssslvvvvv",
        "timestamp": 1686800064
      }
    ]
  },
  {
    "title": "",
    "media_list_data": [
      
    ],
    "string_list_data": [
      {
        "href": "https://www.instagram.com/mfathirmulya",
        "value": "mfathirmulya",
        "timestamp": 1686579551
      }
    ]
  },
  {
    "title": "",
    "media_list_data": [
      
    ],
    "string_list_data": [
      {
        "href": "https://www.instagram.com/modeesus",
        "value": "modeesus",
        "timestamp": 1685924337
      }
    ]
  },
  {
    "title": "",
    "media_list_data": [
      
    ],
    "string_list_data": [
      {
        "href": "https://www.instagram.com/bngoleh24",
        "value": "bngoleh24",
        "timestamp": 1685610180
      }
    ]
  },
  {
    "title": "",
    "media_list_data": [
      
    ],
    "string_list_data": [
      {
        "href": "https://www.instagram.com/nbiilz_24",
        "value": "nbiilz_24",
        "timestamp": 1685002129
      }
    ]
  },
  {
    "title": "",
    "media_list_data": [
      
    ],
    "string_list_data": [
      {
        "href": "https://www.instagram.com/biyyfzzzn",
        "value": "biyyfzzzn",
        "timestamp": 1684948857
      }
    ]
  },
  {
    "title": "",
    "media_list_data": [
      
    ],
    "string_list_data": [
      {
        "href": "https://www.instagram.com/_chand_ce_",
        "value": "_chand_ce_",
        "timestamp": 1684490199
      }
    ]
  },
  {
    "title": "",
    "media_list_data": [
      
    ],
    "string_list_data": [
      {
        "href": "https://www.instagram.com/ddaisukith",
        "value": "ddaisukith",
        "timestamp": 1684378640
      }
    ]
  },
  {
    "title": "",
    "media_list_data": [
      
    ],
    "string_list_data": [
      {
        "href": "https://www.instagram.com/shonulaa",
        "value": "shonulaa",
        "timestamp": 1684199883
      }
    ]
  },
  {
    "title": "",
    "media_list_data": [
      
    ],
    "string_list_data": [
      {
        "href": "https://www.instagram.com/gustiadittya_",
        "value": "gustiadittya_",
        "timestamp": 1684066130
      }
    ]
  },
  {
    "title": "",
    "media_list_data": [
      
    ],
    "string_list_data": [
      {
        "href": "https://www.instagram.com/fatahidayyat",
        "value": "fatahidayyat",
        "timestamp": 1683724996
      }
    ]
  },
  {
    "title": "",
    "media_list_data": [
      
    ],
    "string_list_data": [
      {
        "href": "https://www.instagram.com/serviced_ltd",
        "value": "serviced_ltd",
        "timestamp": 1683271376
      }
    ]
  }
]