{
  "relationships_following": [
    {
      "title": "",
      "media_list_data": [
        
      ],
      "string_list_data": [
        {
          "href": "https://www.instagram.com/ekspor.id",
          "value": "ekspor.id",
          "timestamp": 1743435648
        }
      ]
    },
    {
      "title": "",
      "media_list_data": [
        
      ],
      "string_list_data": [
        {
          "href": "https://www.instagram.com/webekspor",
          "value": "webekspor",
          "timestamp": 1740907300
        }
      ]
    },
    {
      "title": "",
      "media_list_data": [
        
      ],
      "string_list_data": [
        {
          "href": "https://www.instagram.com/jumaidilalfjrl",
          "value": "jumaidilalfjrl",
          "timestamp": 1740661167
        }
      ]
    },
    {
      "title": "",
      "media_list_data": [
        
      ],
      "string_list_data": [
        {
          "href": "https://www.instagram.com/dew_lj",
          "value": "dew_lj",
          "timestamp": 1739636894
        }
      ]
    },
    {
      "title": "",
      "media_list_data": [
        
      ],
      "string_list_data": [
        {
          "href": "https://www.instagram.com/rnasyh",
          "value": "rnasyh",
          "timestamp": 1739623734
        }
      ]
    },
    {
      "title": "",
      "media_list_data": [
        
      ],
      "string_list_data": [
        {
          "href": "https://www.instagram.com/rumahitindonesia",
          "value": "rumahitindonesia",
          "timestamp": 1738672049
        }
      ]
    },
    {
      "title": "",
      "media_list_data": [
        
      ],
      "string_list_data": [
        {
          "href": "https://www.instagram.com/ahadinatax",
          "value": "ahadinatax",
          "timestamp": 1738596143
        }
      ]
    },
    {
      "title": "",
      "media_list_data": [
        
      ],
      "string_list_data": [
        {
          "href": "https://www.instagram.com/nayyazahwapriatna",
          "value": "nayyazahwapriatna",
          "timestamp": 1737804780
        }
      ]
    },
    {
      "title": "",
      "media_list_data": [
        
      ],
      "string_list_data": [
        {
          "href": "https://www.instagram.com/smkmutucikampek",
          "value": "smkmutucikampek",
          "timestamp": 1737670252
        }
      ]
    },
    {
      "title": "",
      "media_list_data": [
        
      ],
      "string_list_data": [
        {
          "href": "https://www.instagram.com/davidalfasunarna",
          "value": "davidalfasunarna",
          "timestamp": 1737359992
        }
      ]
    },
    {
      "title": "",
      "media_list_data": [
        
      ],
      "string_list_data": [
        {
          "href": "https://www.instagram.com/your_lia4",
          "value": "your_lia4",
          "timestamp": 1737354387
        }
      ]
    },
    {
      "title": "",
      "media_list_data": [
        
      ],
      "string_list_data": [
        {
          "href": "https://www.instagram.com/tenmalich",
          "value": "tenmalich",
          "timestamp": 1737003565
        }
      ]
    },
    {
      "title": "",
      "media_list_data": [
        
      ],
      "string_list_data": [
        {
          "href": "https://www.instagram.com/zeb_0g",
          "value": "zeb_0g",
          "timestamp": 1735468854
        }
      ]
    },
    {
      "title": "",
      "media_list_data": [
        
      ],
      "string_list_data": [
        {
          "href": "https://www.instagram.com/timothyronaldd",
          "value": "timothyronaldd",
          "timestamp": 1734237342
        }
      ]
    },
    {
      "title": "",
      "media_list_data": [
        
      ],
      "string_list_data": [
        {
          "href": "https://www.instagram.com/vitaasaryy8",
          "value": "vitaasaryy8",
          "timestamp": 1734006109
        }
      ]
    },
    {
      "title": "",
      "media_list_data": [
        
      ],
      "string_list_data": [
        {
          "href": "https://www.instagram.com/zeborisinil",
          "value": "zeborisinil",
          "timestamp": 1733090265
        }
      ]
    },
    {
      "title": "",
      "media_list_data": [
        
      ],
      "string_list_data": [
        {
          "href": "https://www.instagram.com/fath.irmulya",
          "value": "fath.irmulya",
          "timestamp": 1729635786
        }
      ]
    },
    {
      "title": "",
      "media_list_data": [
        
      ],
      "string_list_data": [
        {
          "href": "https://www.instagram.com/adrianhamzah13",
          "value": "adrianhamzah13",
          "timestamp": 1728995171
        }
      ]
    },
    {
      "title": "",
      "media_list_data": [
        
      ],
      "string_list_data": [
        {
          "href": "https://www.instagram.com/akba.rr389",
          "value": "akba.rr389",
          "timestamp": 1728127666
        }
      ]
    },
    {
      "title": "",
      "media_list_data": [
        
      ],
      "string_list_data": [
        {
          "href": "https://www.instagram.com/ryanhandhika712",
          "value": "ryanhandhika712",
          "timestamp": 1727792283
        }
      ]
    },
    {
      "title": "",
      "media_list_data": [
        
      ],
      "string_list_data": [
        {
          "href": "https://www.instagram.com/raymondchins",
          "value": "raymondchins",
          "timestamp": 1726367529
        }
      ]
    },
    {
      "title": "",
      "media_list_data": [
        
      ],
      "string_list_data": [
        {
          "href": "https://www.instagram.com/theara.devv",
          "value": "theara.devv",
          "timestamp": 1725891926
        }
      ]
    },
    {
      "title": "",
      "media_list_data": [
        
      ],
      "string_list_data": [
        {
          "href": "https://www.instagram.com/msalehsolahudin",
          "value": "msalehsolahudin",
          "timestamp": 1725539032
        }
      ]
    },
    {
      "title": "",
      "media_list_data": [
        
      ],
      "string_list_data": [
        {
          "href": "https://www.instagram.com/mayshapr_",
          "value": "mayshapr_",
          "timestamp": 1725295578
        }
      ]
    },
    {
      "title": "",
      "media_list_data": [
        
      ],
      "string_list_data": [
        {
          "href": "https://www.instagram.com/morgaplace",
          "value": "morgaplace",
          "timestamp": 1725271385
        }
      ]
    },
    {
      "title": "",
      "media_list_data": [
        
      ],
      "string_list_data": [
        {
          "href": "https://www.instagram.com/fbbyana_",
          "value": "fbbyana_",
          "timestamp": 1724945716
        }
      ]
    },
    {
      "title": "",
      "media_list_data": [
        
      ],
      "string_list_data": [
        {
          "href": "https://www.instagram.com/orreocat",
          "value": "orreocat",
          "timestamp": 1724944333
        }
      ]
    },
    {
      "title": "",
      "media_list_data": [
        
      ],
      "string_list_data": [
        {
          "href": "https://www.instagram.com/akuzfar",
          "value": "akuzfar",
          "timestamp": 1724941362
        }
      ]
    },
    {
      "title": "",
      "media_list_data": [
        
      ],
      "string_list_data": [
        {
          "href": "https://www.instagram.com/diminskov610",
          "value": "diminskov610",
          "timestamp": 1724763760
        }
      ]
    },
    {
      "title": "",
      "media_list_data": [
        
      ],
      "string_list_data": [
        {
          "href": "https://www.instagram.com/dnstwnn06",
          "value": "dnstwnn06",
          "timestamp": 1724511070
        }
      ]
    },
    {
      "title": "",
      "media_list_data": [
        
      ],
      "string_list_data": [
        {
          "href": "https://www.instagram.com/hadinatax",
          "value": "hadinatax",
          "timestamp": 1724450230
        }
      ]
    },
    {
      "title": "",
      "media_list_data": [
        
      ],
      "string_list_data": [
        {
          "href": "https://www.instagram.com/salsunoo",
          "value": "salsunoo",
          "timestamp": 1724419197
        }
      ]
    },
    {
      "title": "",
      "media_list_data": [
        
      ],
      "string_list_data": [
        {
          "href": "https://www.instagram.com/vlynzq",
          "value": "vlynzq",
          "timestamp": 1724328105
        }
      ]
    },
    {
      "title": "",
      "media_list_data": [
        
      ],
      "string_list_data": [
        {
          "href": "https://www.instagram.com/nglfthn",
          "value": "nglfthn",
          "timestamp": 1724280203
        }
      ]
    },
    {
      "title": "",
      "media_list_data": [
        
      ],
      "string_list_data": [
        {
          "href": "https://www.instagram.com/_mrananda",
          "value": "_mrananda",
          "timestamp": 1724129366
        }
      ]
    },
    {
      "title": "",
      "media_list_data": [
        
      ],
      "string_list_data": [
        {
          "href": "https://www.instagram.com/codewithmey",
          "value": "codewithmey",
          "timestamp": 1724045792
        }
      ]
    },
    {
      "title": "",
      "media_list_data": [
        
      ],
      "string_list_data": [
        {
          "href": "https://www.instagram.com/crysll_",
          "value": "crysll_",
          "timestamp": 1724037292
        }
      ]
    },
    {
      "title": "",
      "media_list_data": [
        
      ],
      "string_list_data": [
        {
          "href": "https://www.instagram.com/maretacodes",
          "value": "maretacodes",
          "timestamp": 1724033364
        }
      ]
    },
    {
      "title": "",
      "media_list_data": [
        
      ],
      "string_list_data": [
        {
          "href": "https://www.instagram.com/fachri.rmdhn15",
          "value": "fachri.rmdhn15",
          "timestamp": 1722789114
        }
      ]
    },
    {
      "title": "",
      "media_list_data": [
        
      ],
      "string_list_data": [
        {
          "href": "https://www.instagram.com/ricchaa_",
          "value": "ricchaa_",
          "timestamp": 1722255040
        }
      ]
    },
    {
      "title": "",
      "media_list_data": [
        
      ],
      "string_list_data": [
        {
          "href": "https://www.instagram.com/eka_mlyni",
          "value": "eka_mlyni",
          "timestamp": 1721721251
        }
      ]
    },
    {
      "title": "",
      "media_list_data": [
        
      ],
      "string_list_data": [
        {
          "href": "https://www.instagram.com/__zfeed._",
          "value": "__zfeed._",
          "timestamp": 1720983179
        }
      ]
    },
    {
      "title": "",
      "media_list_data": [
        
      ],
      "string_list_data": [
        {
          "href": "https://www.instagram.com/raelr1ne",
          "value": "raelr1ne",
          "timestamp": 1719753156
        }
      ]
    },
    {
      "title": "",
      "media_list_data": [
        
      ],
      "string_list_data": [
        {
          "href": "https://www.instagram.com/ddwiinovv_",
          "value": "ddwiinovv_",
          "timestamp": 1719569839
        }
      ]
    },
    {
      "title": "",
      "media_list_data": [
        
      ],
      "string_list_data": [
        {
          "href": "https://www.instagram.com/mozz316_",
          "value": "mozz316_",
          "timestamp": 1719550870
        }
      ]
    },
    {
      "title": "",
      "media_list_data": [
        
      ],
      "string_list_data": [
        {
          "href": "https://www.instagram.com/syifacv",
          "value": "syifacv",
          "timestamp": 1718775871
        }
      ]
    },
    {
      "title": "",
      "media_list_data": [
        
      ],
      "string_list_data": [
        {
          "href": "https://www.instagram.com/erdiee21",
          "value": "erdiee21",
          "timestamp": 1718775782
        }
      ]
    },
    {
      "title": "",
      "media_list_data": [
        
      ],
      "string_list_data": [
        {
          "href": "https://www.instagram.com/nuhaecee",
          "value": "nuhaecee",
          "timestamp": 1718631498
        }
      ]
    },
    {
      "title": "",
      "media_list_data": [
        
      ],
      "string_list_data": [
        {
          "href": "https://www.instagram.com/fathiayyas_",
          "value": "fathiayyas_",
          "timestamp": 1718623593
        }
      ]
    },
    {
      "title": "",
      "media_list_data": [
        
      ],
      "string_list_data": [
        {
          "href": "https://www.instagram.com/smkmuturpl",
          "value": "smkmuturpl",
          "timestamp": 1718597602
        }
      ]
    },
    {
      "title": "",
      "media_list_data": [
        
      ],
      "string_list_data": [
        {
          "href": "https://www.instagram.com/mychasn_",
          "value": "mychasn_",
          "timestamp": 1717714431
        }
      ]
    },
    {
      "title": "",
      "media_list_data": [
        
      ],
      "string_list_data": [
        {
          "href": "https://www.instagram.com/dicoding",
          "value": "dicoding",
          "timestamp": 1717654840
        }
      ]
    },
    {
      "title": "",
      "media_list_data": [
        
      ],
      "string_list_data": [
        {
          "href": "https://www.instagram.com/jaidi.code",
          "value": "jaidi.code",
          "timestamp": 1717589791
        }
      ]
    },
    {
      "title": "",
      "media_list_data": [
        
      ],
      "string_list_data": [
        {
          "href": "https://www.instagram.com/rezenasakky",
          "value": "rezenasakky",
          "timestamp": 1717418312
        }
      ]
    },
    {
      "title": "",
      "media_list_data": [
        
      ],
      "string_list_data": [
        {
          "href": "https://www.instagram.com/rynalll.1",
          "value": "rynalll.1",
          "timestamp": 1716429978
        }
      ]
    },
    {
      "title": "",
      "media_list_data": [
        
      ],
      "string_list_data": [
        {
          "href": "https://www.instagram.com/gsphyrogyra",
          "value": "gsphyrogyra",
          "timestamp": 1716212160
        }
      ]
    },
    {
      "title": "",
      "media_list_data": [
        
      ],
      "string_list_data": [
        {
          "href": "https://www.instagram.com/awlbby__",
          "value": "awlbby__",
          "timestamp": 1716212137
        }
      ]
    },
    {
      "title": "",
      "media_list_data": [
        
      ],
      "string_list_data": [
        {
          "href": "https://www.instagram.com/aulyabby_",
          "value": "aulyabby_",
          "timestamp": 1716212136
        }
      ]
    },
    {
      "title": "",
      "media_list_data": [
        
      ],
      "string_list_data": [
        {
          "href": "https://www.instagram.com/hasban_fardani",
          "value": "hasban_fardani",
          "timestamp": 1715775912
        }
      ]
    },
    {
      "title": "",
      "media_list_data": [
        
      ],
      "string_list_data": [
        {
          "href": "https://www.instagram.com/wildanferdy_",
          "value": "wildanferdy_",
          "timestamp": 1715775872
        }
      ]
    },
    {
      "title": "",
      "media_list_data": [
        
      ],
      "string_list_data": [
        {
          "href": "https://www.instagram.com/shsh_kiraaa",
          "value": "shsh_kiraaa",
          "timestamp": 1714133426
        }
      ]
    },
    {
      "title": "",
      "media_list_data": [
        
      ],
      "string_list_data": [
        {
          "href": "https://www.instagram.com/hk416j",
          "value": "hk416j",
          "timestamp": 1714113745
        }
      ]
    },
    {
      "title": "",
      "media_list_data": [
        
      ],
      "string_list_data": [
        {
          "href": "https://www.instagram.com/rizkypratama8780",
          "value": "rizkypratama8780",
          "timestamp": 1714091307
        }
      ]
    },
    {
      "title": "",
      "media_list_data": [
        
      ],
      "string_list_data": [
        {
          "href": "https://www.instagram.com/aoelrac",
          "value": "aoelrac",
          "timestamp": 1714087474
        }
      ]
    },
    {
      "title": "",
      "media_list_data": [
        
      ],
      "string_list_data": [
        {
          "href": "https://www.instagram.com/bang_oleh20",
          "value": "bang_oleh20",
          "timestamp": 1714085946
        }
      ]
    },
    {
      "title": "",
      "media_list_data": [
        
      ],
      "string_list_data": [
        {
          "href": "https://www.instagram.com/lennn27_",
          "value": "lennn27_",
          "timestamp": 1714064988
        }
      ]
    },
    {
      "title": "",
      "media_list_data": [
        
      ],
      "string_list_data": [
        {
          "href": "https://www.instagram.com/nvxxe_",
          "value": "nvxxe_",
          "timestamp": 1714064751
        }
      ]
    },
    {
      "title": "",
      "media_list_data": [
        
      ],
      "string_list_data": [
        {
          "href": "https://www.instagram.com/seiyaacl",
          "value": "seiyaacl",
          "timestamp": 1714063177
        }
      ]
    },
    {
      "title": "",
      "media_list_data": [
        
      ],
      "string_list_data": [
        {
          "href": "https://www.instagram.com/m_banurafi",
          "value": "m_banurafi",
          "timestamp": 1714061150
        }
      ]
    },
    {
      "title": "",
      "media_list_data": [
        
      ],
      "string_list_data": [
        {
          "href": "https://www.instagram.com/246maulll",
          "value": "246maulll",
          "timestamp": 1714059727
        }
      ]
    },
    {
      "title": "",
      "media_list_data": [
        
      ],
      "string_list_data": [
        {
          "href": "https://www.instagram.com/devvnnull",
          "value": "devvnnull",
          "timestamp": 1713092517
        }
      ]
    },
    {
      "title": "",
      "media_list_data": [
        
      ],
      "string_list_data": [
        {
          "href": "https://www.instagram.com/septirmdnii",
          "value": "septirmdnii",
          "timestamp": 1712889589
        }
      ]
    },
    {
      "title": "",
      "media_list_data": [
        
      ],
      "string_list_data": [
        {
          "href": "https://www.instagram.com/eclaireamour",
          "value": "eclaireamour",
          "timestamp": 1705233485
        }
      ]
    },
    {
      "title": "",
      "media_list_data": [
        
      ],
      "string_list_data": [
        {
          "href": "https://www.instagram.com/najmishauky_",
          "value": "najmishauky_",
          "timestamp": 1702875635
        }
      ]
    },
    {
      "title": "",
      "media_list_data": [
        
      ],
      "string_list_data": [
        {
          "href": "https://www.instagram.com/adrianmaaulna",
          "value": "adrianmaaulna",
          "timestamp": 1702828990
        }
      ]
    },
    {
      "title": "",
      "media_list_data": [
        
      ],
      "string_list_data": [
        {
          "href": "https://www.instagram.com/10969azall_",
          "value": "10969azall_",
          "timestamp": 1701862428
        }
      ]
    },
    {
      "title": "",
      "media_list_data": [
        
      ],
      "string_list_data": [
        {
          "href": "https://www.instagram.com/satriadiwangkara",
          "value": "satriadiwangkara",
          "timestamp": 1700659807
        }
      ]
    },
    {
      "title": "",
      "media_list_data": [
        
      ],
      "string_list_data": [
        {
          "href": "https://www.instagram.com/fauzaro01",
          "value": "fauzaro01",
          "timestamp": 1699508591
        }
      ]
    },
    {
      "title": "",
      "media_list_data": [
        
      ],
      "string_list_data": [
        {
          "href": "https://www.instagram.com/aiambatmaann",
          "value": "aiambatmaann",
          "timestamp": 1699507061
        }
      ]
    },
    {
      "title": "",
      "media_list_data": [
        
      ],
      "string_list_data": [
        {
          "href": "https://www.instagram.com/algarisinn",
          "value": "algarisinn",
          "timestamp": 1699506985
        }
      ]
    },
    {
      "title": "",
      "media_list_data": [
        
      ],
      "string_list_data": [
        {
          "href": "https://www.instagram.com/fal_k15",
          "value": "fal_k15",
          "timestamp": 1699506941
        }
      ]
    },
    {
      "title": "",
      "media_list_data": [
        
      ],
      "string_list_data": [
        {
          "href": "https://www.instagram.com/mdz_26",
          "value": "mdz_26",
          "timestamp": 1699506741
        }
      ]
    },
    {
      "title": "",
      "media_list_data": [
        
      ],
      "string_list_data": [
        {
          "href": "https://www.instagram.com/zcky754_",
          "value": "zcky754_",
          "timestamp": 1698366889
        }
      ]
    },
    {
      "title": "",
      "media_list_data": [
        
      ],
      "string_list_data": [
        {
          "href": "https://www.instagram.com/kylnrmaaz_",
          "value": "kylnrmaaz_",
          "timestamp": 1695714825
        }
      ]
    },
    {
      "title": "",
      "media_list_data": [
        
      ],
      "string_list_data": [
        {
          "href": "https://www.instagram.com/keidjaruaxiro",
          "value": "keidjaruaxiro",
          "timestamp": 1694430444
        }
      ]
    },
    {
      "title": "",
      "media_list_data": [
        
      ],
      "string_list_data": [
        {
          "href": "https://www.instagram.com/4gnazr",
          "value": "4gnazr",
          "timestamp": 1694260006
        }
      ]
    },
    {
      "title": "",
      "media_list_data": [
        
      ],
      "string_list_data": [
        {
          "href": "https://www.instagram.com/ikyy_06_",
          "value": "ikyy_06_",
          "timestamp": 1692593717
        }
      ]
    },
    {
      "title": "",
      "media_list_data": [
        
      ],
      "string_list_data": [
        {
          "href": "https://www.instagram.com/nurull365___",
          "value": "nurull365___",
          "timestamp": 1692283072
        }
      ]
    },
    {
      "title": "",
      "media_list_data": [
        
      ],
      "string_list_data": [
        {
          "href": "https://www.instagram.com/zopsat.1",
          "value": "zopsat.1",
          "timestamp": 1692015520
        }
      ]
    },
    {
      "title": "",
      "media_list_data": [
        
      ],
      "string_list_data": [
        {
          "href": "https://www.instagram.com/virliimuhmmd_",
          "value": "virliimuhmmd_",
          "timestamp": 1691843645
        }
      ]
    },
    {
      "title": "",
      "media_list_data": [
        
      ],
      "string_list_data": [
        {
          "href": "https://www.instagram.com/_abcdewia",
          "value": "_abcdewia",
          "timestamp": 1690035898
        }
      ]
    },
    {
      "title": "",
      "media_list_data": [
        
      ],
      "string_list_data": [
        {
          "href": "https://www.instagram.com/farhanramdhan15",
          "value": "farhanramdhan15",
          "timestamp": 1689592217
        }
      ]
    },
    {
      "title": "",
      "media_list_data": [
        
      ],
      "string_list_data": [
        {
          "href": "https://www.instagram.com/whssslvvvvv",
          "value": "whssslvvvvv",
          "timestamp": 1686805960
        }
      ]
    },
    {
      "title": "",
      "media_list_data": [
        
      ],
      "string_list_data": [
        {
          "href": "https://www.instagram.com/ecmutu",
          "value": "ecmutu",
          "timestamp": 1685024682
        }
      ]
    },
    {
      "title": "",
      "media_list_data": [
        
      ],
      "string_list_data": [
        {
          "href": "https://www.instagram.com/nbiilz_24",
          "value": "nbiilz_24",
          "timestamp": 1685002136
        }
      ]
    },
    {
      "title": "",
      "media_list_data": [
        
      ],
      "string_list_data": [
        {
          "href": "https://www.instagram.com/biyyfzzzn",
          "value": "biyyfzzzn",
          "timestamp": 1684964770
        }
      ]
    },
    {
      "title": "",
      "media_list_data": [
        
      ],
      "string_list_data": [
        {
          "href": "https://www.instagram.com/ddaisukith",
          "value": "ddaisukith",
          "timestamp": 1684382519
        }
      ]
    },
    {
      "title": "",
      "media_list_data": [
        
      ],
      "string_list_data": [
        {
          "href": "https://www.instagram.com/shonulaa",
          "value": "shonulaa",
          "timestamp": 1684199882
        }
      ]
    },
    {
      "title": "",
      "media_list_data": [
        
      ],
      "string_list_data": [
        {
          "href": "https://www.instagram.com/gustiadittya_",
          "value": "gustiadittya_",
          "timestamp": 1684066031
        }
      ]
    },
    {
      "title": "",
      "media_list_data": [
        
      ],
      "string_list_data": [
        {
          "href": "https://www.instagram.com/mfathirmulya",
          "value": "mfathirmulya",
          "timestamp": 1684063590
        }
      ]
    },
    {
      "title": "",
      "media_list_data": [
        
      ],
      "string_list_data": [
        {
          "href": "https://www.instagram.com/modeesus",
          "value": "modeesus",
          "timestamp": 1684059078
        }
      ]
    },
    {
      "title": "",
      "media_list_data": [
        
      ],
      "string_list_data": [
        {
          "href": "https://www.instagram.com/_chand_ce_",
          "value": "_chand_ce_",
          "timestamp": 1684055836
        }
      ]
    },
    {
      "title": "",
      "media_list_data": [
        
      ],
      "string_list_data": [
        {
          "href": "https://www.instagram.com/midoistory",
          "value": "midoistory",
          "timestamp": 1683810634
        }
      ]
    },
    {
      "title": "",
      "media_list_data": [
        
      ],
      "string_list_data": [
        {
          "href": "https://www.instagram.com/fatahidayyat",
          "value": "fatahidayyat",
          "timestamp": 1683725827
        }
      ]
    },
    {
      "title": "",
      "media_list_data": [
        
      ],
      "string_list_data": [
        {
          "href": "https://www.instagram.com/sandhikagalih",
          "value": "sandhikagalih",
          "timestamp": 1683714302
        }
      ]
    },
    {
      "title": "",
      "media_list_data": [
        
      ],
      "string_list_data": [
        {
          "href": "https://www.instagram.com/bngoleh24",
          "value": "bngoleh24",
          "timestamp": 1682946348
        }
      ]
    },
    {
      "title": "",
      "media_list_data": [
        
      ],
      "string_list_data": [
        {
          "href": "https://www.instagram.com/flywyouuu",
          "value": "flywyouuu",
          "timestamp": 1682942457
        }
      ]
    },
    {
      "title": "",
      "media_list_data": [
        
      ],
      "string_list_data": [
        {
          "href": "https://www.instagram.com/dea.afrizal",
          "value": "dea.afrizal",
          "timestamp": 1682603682
        }
      ]
    }
  ]
}