{
  "relationships_hide_stories_from": [
    {
      "title": "",
      "media_list_data": [
        
      ],
      "string_list_data": [
        {
          "href": "https://www.instagram.com/_mrananda",
          "value": "_mrananda",
          "timestamp": 1736759558
        }
      ]
    },
    {
      "title": "",
      "media_list_data": [
        
      ],
      "string_list_data": [
        {
          "href": "https://www.instagram.com/aoelrac",
          "value": "aoelrac",
          "timestamp": 1736759522
        }
      ]
    }
  ]
}