{
  "relationships_unfollowed_users": [
    {
      "title": "",
      "media_list_data": [
        
      ],
      "string_list_data": [
        {
          "href": "https://www.instagram.com/grandistenar",
          "value": "grandistenar",
          "timestamp": 1743435971
        }
      ]
    },
    {
      "title": "",
      "media_list_data": [
        
      ],
      "string_list_data": [
        {
          "href": "https://www.instagram.com/siapgancom",
          "value": "siapgancom",
          "timestamp": 1743435768
        }
      ]
    },
    {
      "title": "",
      "media_list_data": [
        
      ],
      "string_list_data": [
        {
          "href": "https://www.instagram.com/alwaysngoding",
          "value": "alwaysngoding",
          "timestamp": 1743435767
        }
      ]
    },
    {
      "title": "",
      "media_list_data": [
        
      ],
      "string_list_data": [
        {
          "href": "https://www.instagram.com/saffanahnurf",
          "value": "saffanahnurf",
          "timestamp": 1743435765
        }
      ]
    },
    {
      "title": "",
      "media_list_data": [
        
      ],
      "string_list_data": [
        {
          "href": "https://www.instagram.com/excelhackacademy",
          "value": "excelhackacademy",
          "timestamp": 1743435764
        }
      ]
    },
    {
      "title": "",
      "media_list_data": [
        
      ],
      "string_list_data": [
        {
          "href": "https://www.instagram.com/ebemartono",
          "value": "ebemartono",
          "timestamp": 1743435762
        }
      ]
    },
    {
      "title": "",
      "media_list_data": [
        
      ],
      "string_list_data": [
        {
          "href": "https://www.instagram.com/volunteerhubjkt",
          "value": "volunteerhubjkt",
          "timestamp": 1743435761
        }
      ]
    },
    {
      "title": "",
      "media_list_data": [
        
      ],
      "string_list_data": [
        {
          "href": "https://www.instagram.com/dio.satria",
          "value": "dio.satria",
          "timestamp": 1743435759
        }
      ]
    },
    {
      "title": "",
      "media_list_data": [
        
      ],
      "string_list_data": [
        {
          "href": "https://www.instagram.com/scrapape",
          "value": "scrapape",
          "timestamp": 1743435757
        }
      ]
    },
    {
      "title": "",
      "media_list_data": [
        
      ],
      "string_list_data": [
        {
          "href": "https://www.instagram.com/skilvul",
          "value": "skilvul",
          "timestamp": 1743435754
        }
      ]
    },
    {
      "title": "",
      "media_list_data": [
        
      ],
      "string_list_data": [
        {
          "href": "https://www.instagram.com/dataannotation.tech",
          "value": "dataannotation.tech",
          "timestamp": 1743435750
        }
      ]
    },
    {
      "title": "",
      "media_list_data": [
        
      ],
      "string_list_data": [
        {
          "href": "https://www.instagram.com/edaran.magang",
          "value": "edaran.magang",
          "timestamp": 1743435748
        }
      ]
    },
    {
      "title": "",
      "media_list_data": [
        
      ],
      "string_list_data": [
        {
          "href": "https://www.instagram.com/bnet.academy",
          "value": "bnet.academy",
          "timestamp": 1743435747
        }
      ]
    },
    {
      "title": "",
      "media_list_data": [
        
      ],
      "string_list_data": [
        {
          "href": "https://www.instagram.com/glintsid",
          "value": "glintsid",
          "timestamp": 1743435745
        }
      ]
    },
    {
      "title": "",
      "media_list_data": [
        
      ],
      "string_list_data": [
        {
          "href": "https://www.instagram.com/muhammadauliaa_",
          "value": "muhammadauliaa_",
          "timestamp": 1743435742
        }
      ]
    },
    {
      "title": "",
      "media_list_data": [
        
      ],
      "string_list_data": [
        {
          "href": "https://www.instagram.com/fazztrack.id",
          "value": "fazztrack.id",
          "timestamp": 1743435740
        }
      ]
    },
    {
      "title": "",
      "media_list_data": [
        
      ],
      "string_list_data": [
        {
          "href": "https://www.instagram.com/codingstudio.id",
          "value": "codingstudio.id",
          "timestamp": 1743435737
        }
      ]
    },
    {
      "title": "",
      "media_list_data": [
        
      ],
      "string_list_data": [
        {
          "href": "https://www.instagram.com/laa_679",
          "value": "laa_679",
          "timestamp": 1743435735
        }
      ]
    },
    {
      "title": "",
      "media_list_data": [
        
      ],
      "string_list_data": [
        {
          "href": "https://www.instagram.com/infolombait",
          "value": "infolombait",
          "timestamp": 1743435734
        }
      ]
    },
    {
      "title": "",
      "media_list_data": [
        
      ],
      "string_list_data": [
        {
          "href": "https://www.instagram.com/ngulik.data",
          "value": "ngulik.data",
          "timestamp": 1743435731
        }
      ]
    },
    {
      "title": "",
      "media_list_data": [
        
      ],
      "string_list_data": [
        {
          "href": "https://www.instagram.com/rsmmitracikarangutara",
          "value": "rsmmitracikarangutara",
          "timestamp": 1743435730
        }
      ]
    },
    {
      "title": "",
      "media_list_data": [
        
      ],
      "string_list_data": [
        {
          "href": "https://www.instagram.com/adamsundana",
          "value": "adamsundana",
          "timestamp": 1743435726
        }
      ]
    },
    {
      "title": "",
      "media_list_data": [
        
      ],
      "string_list_data": [
        {
          "href": "https://www.instagram.com/prestasikita",
          "value": "prestasikita",
          "timestamp": 1743435725
        }
      ]
    },
    {
      "title": "",
      "media_list_data": [
        
      ],
      "string_list_data": [
        {
          "href": "https://www.instagram.com/disnakertranskrwkab",
          "value": "disnakertranskrwkab",
          "timestamp": 1743435724
        }
      ]
    },
    {
      "title": "",
      "media_list_data": [
        
      ],
      "string_list_data": [
        {
          "href": "https://www.instagram.com/infosertifikasibnspri",
          "value": "infosertifikasibnspri",
          "timestamp": 1743435722
        }
      ]
    },
    {
      "title": "",
      "media_list_data": [
        
      ],
      "string_list_data": [
        {
          "href": "https://www.instagram.com/loker_bekasi_karawang",
          "value": "loker_bekasi_karawang",
          "timestamp": 1743435721
        }
      ]
    },
    {
      "title": "",
      "media_list_data": [
        
      ],
      "string_list_data": [
        {
          "href": "https://www.instagram.com/anakmagang.id",
          "value": "anakmagang.id",
          "timestamp": 1743435718
        }
      ]
    },
    {
      "title": "",
      "media_list_data": [
        
      ],
      "string_list_data": [
        {
          "href": "https://www.instagram.com/theodevoid",
          "value": "theodevoid",
          "timestamp": 1743435716
        }
      ]
    },
    {
      "title": "",
      "media_list_data": [
        
      ],
      "string_list_data": [
        {
          "href": "https://www.instagram.com/yousee.academy",
          "value": "yousee.academy",
          "timestamp": 1743435714
        }
      ]
    },
    {
      "title": "",
      "media_list_data": [
        
      ],
      "string_list_data": [
        {
          "href": "https://www.instagram.com/lokerpurwakarta.idn",
          "value": "lokerpurwakarta.idn",
          "timestamp": 1743435708
        }
      ]
    },
    {
      "title": "",
      "media_list_data": [
        
      ],
      "string_list_data": [
        {
          "href": "https://www.instagram.com/illukinati",
          "value": "illukinati",
          "timestamp": 1743435691
        }
      ]
    },
    {
      "title": "",
      "media_list_data": [
        
      ],
      "string_list_data": [
        {
          "href": "https://www.instagram.com/marcellinusaldo",
          "value": "marcellinusaldo",
          "timestamp": 1743435683
        }
      ]
    },
    {
      "title": "",
      "media_list_data": [
        
      ],
      "string_list_data": [
        {
          "href": "https://www.instagram.com/getizenindonesia",
          "value": "getizenindonesia",
          "timestamp": 1743435681
        }
      ]
    },
    {
      "title": "",
      "media_list_data": [
        
      ],
      "string_list_data": [
        {
          "href": "https://www.instagram.com/vieny_su",
          "value": "vieny_su",
          "timestamp": 1743435680
        }
      ]
    },
    {
      "title": "",
      "media_list_data": [
        
      ],
      "string_list_data": [
        {
          "href": "https://www.instagram.com/info_beasiswa",
          "value": "info_beasiswa",
          "timestamp": 1743435677
        }
      ]
    },
    {
      "title": "",
      "media_list_data": [
        
      ],
      "string_list_data": [
        {
          "href": "https://www.instagram.com/cellaish",
          "value": "cellaish",
          "timestamp": 1743435675
        }
      ]
    },
    {
      "title": "",
      "media_list_data": [
        
      ],
      "string_list_data": [
        {
          "href": "https://www.instagram.com/instalowongan",
          "value": "instalowongan",
          "timestamp": 1743435673
        }
      ]
    },
    {
      "title": "",
      "media_list_data": [
        
      ],
      "string_list_data": [
        {
          "href": "https://www.instagram.com/loker.in_",
          "value": "loker.in_",
          "timestamp": 1743435671
        }
      ]
    },
    {
      "title": "",
      "media_list_data": [
        
      ],
      "string_list_data": [
        {
          "href": "https://www.instagram.com/fauzi.ipung",
          "value": "fauzi.ipung",
          "timestamp": 1743435668
        }
      ]
    },
    {
      "title": "",
      "media_list_data": [
        
      ],
      "string_list_data": [
        {
          "href": "https://www.instagram.com/anakvolunteer",
          "value": "anakvolunteer",
          "timestamp": 1743435666
        }
      ]
    },
    {
      "title": "",
      "media_list_data": [
        
      ],
      "string_list_data": [
        {
          "href": "https://www.instagram.com/sobat.magang",
          "value": "sobat.magang",
          "timestamp": 1743435663
        }
      ]
    },
    {
      "title": "",
      "media_list_data": [
        
      ],
      "string_list_data": [
        {
          "href": "https://www.instagram.com/dininurut",
          "value": "dininurut",
          "timestamp": 1743435661
        }
      ]
    },
    {
      "title": "",
      "media_list_data": [
        
      ],
      "string_list_data": [
        {
          "href": "https://www.instagram.com/elevau.id",
          "value": "elevau.id",
          "timestamp": 1743435660
        }
      ]
    },
    {
      "title": "",
      "media_list_data": [
        
      ],
      "string_list_data": [
        {
          "href": "https://www.instagram.com/lokerkarawangg",
          "value": "lokerkarawangg",
          "timestamp": 1743435622
        }
      ]
    },
    {
      "title": "",
      "media_list_data": [
        
      ],
      "string_list_data": [
        {
          "href": "https://www.instagram.com/bimbelutbksnbt",
          "value": "bimbelutbksnbt",
          "timestamp": 1743435619
        }
      ]
    },
    {
      "title": "",
      "media_list_data": [
        
      ],
      "string_list_data": [
        {
          "href": "https://www.instagram.com/kipkuliah",
          "value": "kipkuliah",
          "timestamp": 1743435615
        }
      ]
    },
    {
      "title": "",
      "media_list_data": [
        
      ],
      "string_list_data": [
        {
          "href": "https://www.instagram.com/britaniakirana",
          "value": "britaniakirana",
          "timestamp": 1743435614
        }
      ]
    },
    {
      "title": "",
      "media_list_data": [
        
      ],
      "string_list_data": [
        {
          "href": "https://www.instagram.com/kamar_sains",
          "value": "kamar_sains",
          "timestamp": 1743435611
        }
      ]
    },
    {
      "title": "",
      "media_list_data": [
        
      ],
      "string_list_data": [
        {
          "href": "https://www.instagram.com/indorelawan",
          "value": "indorelawan",
          "timestamp": 1743435608
        }
      ]
    },
    {
      "title": "",
      "media_list_data": [
        
      ],
      "string_list_data": [
        {
          "href": "https://www.instagram.com/creativera.co",
          "value": "creativera.co",
          "timestamp": 1743435605
        }
      ]
    },
    {
      "title": "",
      "media_list_data": [
        
      ],
      "string_list_data": [
        {
          "href": "https://www.instagram.com/tikii_bookstore",
          "value": "tikii_bookstore",
          "timestamp": 1743435603
        }
      ]
    },
    {
      "title": "",
      "media_list_data": [
        
      ],
      "string_list_data": [
        {
          "href": "https://www.instagram.com/snpmb_id",
          "value": "snpmb_id",
          "timestamp": 1743435599
        }
      ]
    },
    {
      "title": "",
      "media_list_data": [
        
      ],
      "string_list_data": [
        {
          "href": "https://www.instagram.com/infolomba",
          "value": "infolomba",
          "timestamp": 1743435595
        }
      ]
    },
    {
      "title": "",
      "media_list_data": [
        
      ],
      "string_list_data": [
        {
          "href": "https://www.instagram.com/practical.psychology",
          "value": "practical.psychology",
          "timestamp": 1743435592
        }
      ]
    },
    {
      "title": "",
      "media_list_data": [
        
      ],
      "string_list_data": [
        {
          "href": "https://www.instagram.com/teddy.mci11",
          "value": "teddy.mci11",
          "timestamp": 1743435572
        }
      ]
    },
    {
      "title": "",
      "media_list_data": [
        
      ],
      "string_list_data": [
        {
          "href": "https://www.instagram.com/akademicryptocom",
          "value": "akademicryptocom",
          "timestamp": 1743435569
        }
      ]
    },
    {
      "title": "",
      "media_list_data": [
        
      ],
      "string_list_data": [
        {
          "href": "https://www.instagram.com/darkcss77",
          "value": "darkcss77",
          "timestamp": 1743435566
        }
      ]
    },
    {
      "title": "",
      "media_list_data": [
        
      ],
      "string_list_data": [
        {
          "href": "https://www.instagram.com/aini.ega",
          "value": "aini.ega",
          "timestamp": 1743435562
        }
      ]
    },
    {
      "title": "",
      "media_list_data": [
        
      ],
      "string_list_data": [
        {
          "href": "https://www.instagram.com/purgitito",
          "value": "purgitito",
          "timestamp": 1743435560
        }
      ]
    },
    {
      "title": "",
      "media_list_data": [
        
      ],
      "string_list_data": [
        {
          "href": "https://www.instagram.com/_krmmyy",
          "value": "_krmmyy",
          "timestamp": 1743435554
        }
      ]
    },
    {
      "title": "",
      "media_list_data": [
        
      ],
      "string_list_data": [
        {
          "href": "https://www.instagram.com/utbk_snbt",
          "value": "utbk_snbt",
          "timestamp": 1743435535
        }
      ]
    },
    {
      "title": "",
      "media_list_data": [
        
      ],
      "string_list_data": [
        {
          "href": "https://www.instagram.com/himapdi.unpad",
          "value": "himapdi.unpad",
          "timestamp": 1743435533
        }
      ]
    },
    {
      "title": "",
      "media_list_data": [
        
      ],
      "string_list_data": [
        {
          "href": "https://www.instagram.com/aimanyw_",
          "value": "aimanyw_",
          "timestamp": 1743435519
        }
      ]
    },
    {
      "title": "",
      "media_list_data": [
        
      ],
      "string_list_data": [
        {
          "href": "https://www.instagram.com/filosofiexcel",
          "value": "filosofiexcel",
          "timestamp": 1743435515
        }
      ]
    },
    {
      "title": "",
      "media_list_data": [
        
      ],
      "string_list_data": [
        {
          "href": "https://www.instagram.com/everplast.id",
          "value": "everplast.id",
          "timestamp": 1743435511
        }
      ]
    },
    {
      "title": "",
      "media_list_data": [
        
      ],
      "string_list_data": [
        {
          "href": "https://www.instagram.com/raihanslife",
          "value": "raihanslife",
          "timestamp": 1743435507
        }
      ]
    },
    {
      "title": "",
      "media_list_data": [
        
      ],
      "string_list_data": [
        {
          "href": "https://www.instagram.com/luarsekolah",
          "value": "luarsekolah",
          "timestamp": 1743435503
        }
      ]
    },
    {
      "title": "",
      "media_list_data": [
        
      ],
      "string_list_data": [
        {
          "href": "https://www.instagram.com/harisenin.official",
          "value": "harisenin.official",
          "timestamp": 1743435499
        }
      ]
    },
    {
      "title": "",
      "media_list_data": [
        
      ],
      "string_list_data": [
        {
          "href": "https://www.instagram.com/evanovasi",
          "value": "evanovasi",
          "timestamp": 1743435495
        }
      ]
    },
    {
      "title": "",
      "media_list_data": [
        
      ],
      "string_list_data": [
        {
          "href": "https://www.instagram.com/disnakerja",
          "value": "disnakerja",
          "timestamp": 1743435486
        }
      ]
    },
    {
      "title": "",
      "media_list_data": [
        
      ],
      "string_list_data": [
        {
          "href": "https://www.instagram.com/japaneseclass_autosmart",
          "value": "japaneseclass_autosmart",
          "timestamp": 1743435480
        }
      ]
    },
    {
      "title": "",
      "media_list_data": [
        
      ],
      "string_list_data": [
        {
          "href": "https://www.instagram.com/alfarizyfarel1",
          "value": "alfarizyfarel1",
          "timestamp": 1743435477
        }
      ]
    },
    {
      "title": "",
      "media_list_data": [
        
      ],
      "string_list_data": [
        {
          "href": "https://www.instagram.com/loker_ptcikarang",
          "value": "loker_ptcikarang",
          "timestamp": 1743435430
        }
      ]
    },
    {
      "title": "",
      "media_list_data": [
        
      ],
      "string_list_data": [
        {
          "href": "https://www.instagram.com/ph1sher",
          "value": "ph1sher",
          "timestamp": 1743435420
        }
      ]
    },
    {
      "title": "",
      "media_list_data": [
        
      ],
      "string_list_data": [
        {
          "href": "https://www.instagram.com/buka.baut",
          "value": "buka.baut",
          "timestamp": 1743435416
        }
      ]
    },
    {
      "title": "",
      "media_list_data": [
        
      ],
      "string_list_data": [
        {
          "href": "https://www.instagram.com/y6richowo",
          "value": "y6richowo",
          "timestamp": 1743435412
        }
      ]
    },
    {
      "title": "",
      "media_list_data": [
        
      ],
      "string_list_data": [
        {
          "href": "https://www.instagram.com/info.lokerjakarta.id",
          "value": "info.lokerjakarta.id",
          "timestamp": 1743435408
        }
      ]
    },
    {
      "title": "",
      "media_list_data": [
        
      ],
      "string_list_data": [
        {
          "href": "https://www.instagram.com/baby_wolf_codes",
          "value": "baby_wolf_codes",
          "timestamp": 1743435403
        }
      ]
    },
    {
      "title": "",
      "media_list_data": [
        
      ],
      "string_list_data": [
        {
          "href": "https://www.instagram.com/nolimitz_maticshop",
          "value": "nolimitz_maticshop",
          "timestamp": 1743435398
        }
      ]
    },
    {
      "title": "",
      "media_list_data": [
        
      ],
      "string_list_data": [
        {
          "href": "https://www.instagram.com/hmit_its",
          "value": "hmit_its",
          "timestamp": 1743435394
        }
      ]
    },
    {
      "title": "",
      "media_list_data": [
        
      ],
      "string_list_data": [
        {
          "href": "https://www.instagram.com/flamo.official_",
          "value": "flamo.official_",
          "timestamp": 1743435389
        }
      ]
    },
    {
      "title": "",
      "media_list_data": [
        
      ],
      "string_list_data": [
        {
          "href": "https://www.instagram.com/lokerfreelance.indo",
          "value": "lokerfreelance.indo",
          "timestamp": 1743435385
        }
      ]
    },
    {
      "title": "",
      "media_list_data": [
        
      ],
      "string_list_data": [
        {
          "href": "https://www.instagram.com/azumi.zen",
          "value": "azumi.zen",
          "timestamp": 1743435381
        }
      ]
    },
    {
      "title": "",
      "media_list_data": [
        
      ],
      "string_list_data": [
        {
          "href": "https://www.instagram.com/arsadi.dev",
          "value": "arsadi.dev",
          "timestamp": 1743435377
        }
      ]
    },
    {
      "title": "",
      "media_list_data": [
        
      ],
      "string_list_data": [
        {
          "href": "https://www.instagram.com/jinzaibase_indonesia",
          "value": "jinzaibase_indonesia",
          "timestamp": 1743435373
        }
      ]
    },
    {
      "title": "",
      "media_list_data": [
        
      ],
      "string_list_data": [
        {
          "href": "https://www.instagram.com/lokerfreelanceupdate",
          "value": "lokerfreelanceupdate",
          "timestamp": 1743435370
        }
      ]
    },
    {
      "title": "",
      "media_list_data": [
        
      ],
      "string_list_data": [
        {
          "href": "https://www.instagram.com/uxui_howard.le",
          "value": "uxui_howard.le",
          "timestamp": 1743435366
        }
      ]
    },
    {
      "title": "",
      "media_list_data": [
        
      ],
      "string_list_data": [
        {
          "href": "https://www.instagram.com/startupcampus.id",
          "value": "startupcampus.id",
          "timestamp": 1743435362
        }
      ]
    },
    {
      "title": "",
      "media_list_data": [
        
      ],
      "string_list_data": [
        {
          "href": "https://www.instagram.com/handymancraftss",
          "value": "handymancraftss",
          "timestamp": 1743435354
        }
      ]
    },
    {
      "title": "",
      "media_list_data": [
        
      ],
      "string_list_data": [
        {
          "href": "https://www.instagram.com/ilustra.see",
          "value": "ilustra.see",
          "timestamp": 1743435348
        }
      ]
    },
    {
      "title": "",
      "media_list_data": [
        
      ],
      "string_list_data": [
        {
          "href": "https://www.instagram.com/mantappuacademy",
          "value": "mantappuacademy",
          "timestamp": 1743435344
        }
      ]
    },
    {
      "title": "",
      "media_list_data": [
        
      ],
      "string_list_data": [
        {
          "href": "https://www.instagram.com/arwildoo",
          "value": "arwildoo",
          "timestamp": 1743435339
        }
      ]
    },
    {
      "title": "",
      "media_list_data": [
        
      ],
      "string_list_data": [
        {
          "href": "https://www.instagram.com/vincdels",
          "value": "vincdels",
          "timestamp": 1743435336
        }
      ]
    },
    {
      "title": "",
      "media_list_data": [
        
      ],
      "string_list_data": [
        {
          "href": "https://www.instagram.com/bowo.asmoro",
          "value": "bowo.asmoro",
          "timestamp": 1743435331
        }
      ]
    },
    {
      "title": "",
      "media_list_data": [
        
      ],
      "string_list_data": [
        {
          "href": "https://www.instagram.com/digitalclub.id",
          "value": "digitalclub.id",
          "timestamp": 1743435328
        }
      ]
    },
    {
      "title": "",
      "media_list_data": [
        
      ],
      "string_list_data": [
        {
          "href": "https://www.instagram.com/emootehaya",
          "value": "emootehaya",
          "timestamp": 1743435324
        }
      ]
    },
    {
      "title": "",
      "media_list_data": [
        
      ],
      "string_list_data": [
        {
          "href": "https://www.instagram.com/info.psikotest",
          "value": "info.psikotest",
          "timestamp": 1743435320
        }
      ]
    },
    {
      "title": "",
      "media_list_data": [
        
      ],
      "string_list_data": [
        {
          "href": "https://www.instagram.com/catatan_ngambis",
          "value": "catatan_ngambis",
          "timestamp": 1743435316
        }
      ]
    },
    {
      "title": "",
      "media_list_data": [
        
      ],
      "string_list_data": [
        {
          "href": "https://www.instagram.com/indovolunteers",
          "value": "indovolunteers",
          "timestamp": 1743435312
        }
      ]
    },
    {
      "title": "",
      "media_list_data": [
        
      ],
      "string_list_data": [
        {
          "href": "https://www.instagram.com/priskadyra",
          "value": "priskadyra",
          "timestamp": 1743435309
        }
      ]
    },
    {
      "title": "",
      "media_list_data": [
        
      ],
      "string_list_data": [
        {
          "href": "https://www.instagram.com/workabroad.id",
          "value": "workabroad.id",
          "timestamp": 1743435304
        }
      ]
    },
    {
      "title": "",
      "media_list_data": [
        
      ],
      "string_list_data": [
        {
          "href": "https://www.instagram.com/ieltspresso",
          "value": "ieltspresso",
          "timestamp": 1743435300
        }
      ]
    },
    {
      "title": "",
      "media_list_data": [
        
      ],
      "string_list_data": [
        {
          "href": "https://www.instagram.com/import.boo",
          "value": "import.boo",
          "timestamp": 1743435296
        }
      ]
    },
    {
      "title": "",
      "media_list_data": [
        
      ],
      "string_list_data": [
        {
          "href": "https://www.instagram.com/ukmexpertid",
          "value": "ukmexpertid",
          "timestamp": 1743435292
        }
      ]
    },
    {
      "title": "",
      "media_list_data": [
        
      ],
      "string_list_data": [
        {
          "href": "https://www.instagram.com/bagusde._",
          "value": "bagusde._",
          "timestamp": 1743435288
        }
      ]
    },
    {
      "title": "",
      "media_list_data": [
        
      ],
      "string_list_data": [
        {
          "href": "https://www.instagram.com/beasiswa.co",
          "value": "beasiswa.co",
          "timestamp": 1743435284
        }
      ]
    },
    {
      "title": "",
      "media_list_data": [
        
      ],
      "string_list_data": [
        {
          "href": "https://www.instagram.com/internship.time",
          "value": "internship.time",
          "timestamp": 1743435280
        }
      ]
    },
    {
      "title": "",
      "media_list_data": [
        
      ],
      "string_list_data": [
        {
          "href": "https://www.instagram.com/kartesian.id",
          "value": "kartesian.id",
          "timestamp": 1743435276
        }
      ]
    },
    {
      "title": "",
      "media_list_data": [
        
      ],
      "string_list_data": [
        {
          "href": "https://www.instagram.com/hanif_alim",
          "value": "hanif_alim",
          "timestamp": 1743434923
        }
      ]
    },
    {
      "title": "",
      "media_list_data": [
        
      ],
      "string_list_data": [
        {
          "href": "https://www.instagram.com/lianparl",
          "value": "lianparl",
          "timestamp": 1743434918
        }
      ]
    },
    {
      "title": "",
      "media_list_data": [
        
      ],
      "string_list_data": [
        {
          "href": "https://www.instagram.com/dropship",
          "value": "dropship",
          "timestamp": 1743434915
        }
      ]
    },
    {
      "title": "",
      "media_list_data": [
        
      ],
      "string_list_data": [
        {
          "href": "https://www.instagram.com/uc.you",
          "value": "uc.you",
          "timestamp": 1743434909
        }
      ]
    },
    {
      "title": "",
      "media_list_data": [
        
      ],
      "string_list_data": [
        {
          "href": "https://www.instagram.com/b.telgeuse",
          "value": "b.telgeuse",
          "timestamp": 1743434903
        }
      ]
    },
    {
      "title": "",
      "media_list_data": [
        
      ],
      "string_list_data": [
        {
          "href": "https://www.instagram.com/bahasbisnis.co",
          "value": "bahasbisnis.co",
          "timestamp": 1743434886
        }
      ]
    },
    {
      "title": "",
      "media_list_data": [
        
      ],
      "string_list_data": [
        {
          "href": "https://www.instagram.com/your.bummy.math.tutor",
          "value": "your.bummy.math.tutor",
          "timestamp": 1743434873
        }
      ]
    },
    {
      "title": "",
      "media_list_data": [
        
      ],
      "string_list_data": [
        {
          "href": "https://www.instagram.com/sillygriffins",
          "value": "sillygriffins",
          "timestamp": 1742104382
        }
      ]
    },
    {
      "title": "",
      "media_list_data": [
        
      ],
      "string_list_data": [
        {
          "href": "https://www.instagram.com/syrfama",
          "value": "syrfama",
          "timestamp": 1741796931
        }
      ]
    },
    {
      "title": "",
      "media_list_data": [
        
      ],
      "string_list_data": [
        {
          "href": "https://www.instagram.com/adeliyarenjani",
          "value": "adeliyarenjani",
          "timestamp": 1741784502
        }
      ]
    },
    {
      "title": "",
      "media_list_data": [
        
      ],
      "string_list_data": [
        {
          "href": "https://www.instagram.com/sinar_mutiara_cell",
          "value": "sinar_mutiara_cell",
          "timestamp": 1740718310
        }
      ]
    },
    {
      "title": "",
      "media_list_data": [
        
      ],
      "string_list_data": [
        {
          "href": "https://www.instagram.com/biu.costore",
          "value": "biu.costore",
          "timestamp": 1740718294
        }
      ]
    },
    {
      "title": "",
      "media_list_data": [
        
      ],
      "string_list_data": [
        {
          "href": "https://www.instagram.com/bridgestone.id",
          "value": "bridgestone.id",
          "timestamp": 1740654482
        }
      ]
    },
    {
      "title": "",
      "media_list_data": [
        
      ],
      "string_list_data": [
        {
          "href": "https://www.instagram.com/dzenclipper",
          "value": "dzenclipper",
          "timestamp": 1739889434
        }
      ]
    }
  ]
}