{
  "relationships_permanent_follow_requests": [
    {
      "title": "",
      "media_list_data": [
        
      ],
      "string_list_data": [
        {
          "href": "https://www.instagram.com/jumaidilalfjrl",
          "value": "jumaidilalfjrl",
          "timestamp": 1740661119
        }
      ]
    },
    {
      "title": "",
      "media_list_data": [
        
      ],
      "string_list_data": [
        {
          "href": "https://www.instagram.com/dew_lj",
          "value": "dew_lj",
          "timestamp": 1739626466
        }
      ]
    },
    {
      "title": "",
      "media_list_data": [
        
      ],
      "string_list_data": [
        {
          "href": "https://www.instagram.com/your_lia4",
          "value": "your_lia4",
          "timestamp": 1737351062
        }
      ]
    }
  ]
}